experiment,repetition,round,training_loss,test_mse,test_mae,baseline_ablation_mse,ablation_host,ablation_guest_1,ablation_guest_2,ablation_guest_3
"host+('guest_1', 'guest_2', 'guest_3')",1,1,164956.08,145116.8,298.1157,145116.8,55.015625,65.0,30.0,78.265625
"host+('guest_1', 'guest_2', 'guest_3')",1,2,159050.17,144727.16,297.64664,144727.16,127.5,175.0625,147.515625,159.6875
"host+('guest_1', 'guest_2', 'guest_3')",1,3,218308.45,144314.61,297.14874,144314.61,223.40625,295.53125,254.984375,242.359375
"host+('guest_1', 'guest_2', 'guest_3')",1,4,168805.7,143864.17,296.6011,143864.17,301.14062,438.4375,385.71875,341.09375
"host+('guest_1', 'guest_2', 'guest_3')",1,5,170063.16,143358.1,295.9826,143358.1,382.84375,587.078125,499.59375,433.109375
"host+('guest_1', 'guest_2', 'guest_3')",1,6,164321.53,142777.64,295.27167,142777.64,502.75,799.453125,681.28125,552.5625
"host+('guest_1', 'guest_2', 'guest_3')",1,7,168769.02,142097.4,294.436,142097.4,651.0156,1047.4375,844.859375,706.515625
"host+('guest_1', 'guest_2', 'guest_3')",1,8,167010.34,141291.19,293.44162,141291.19,779.96875,1257.171875,1062.125,850.15625
"host+('guest_1', 'guest_2', 'guest_3')",1,9,162859.11,140349.28,292.28592,140349.28,973.03125,1571.671875,1319.984375,1055.59375
"host+('guest_1', 'guest_2', 'guest_3')",1,10,148990.64,139247.64,290.96838,139247.64,1201.8281,1866.953125,1612.390625,1246.53125
"host+('guest_1', 'guest_2', 'guest_3')",1,11,161576.11,137990.75,289.46506,137990.75,1438.4375,2268.265625,1946.953125,1488.484375
"host+('guest_1', 'guest_2', 'guest_3')",1,12,150524.14,136501.36,287.67227,136501.36,1725.3906,2691.265625,2278.96875,1785.84375
"host+('guest_1', 'guest_2', 'guest_3')",1,13,160737.34,134814.78,285.62415,134814.78,2038.2031,3322.15625,2726.328125,2004.796875
"host+('guest_1', 'guest_2', 'guest_3')",1,14,158476.08,132876.02,283.2764,132876.02,2505.1562,3829.484375,3316.234375,2498.421875
"host+('guest_1', 'guest_2', 'guest_3')",1,15,150321.64,130629.67,280.57114,130629.67,2912.4688,4540.265625,3749.703125,2805.015625
"host+('guest_1', 'guest_2', 'guest_3')",1,16,163572.39,128131.24,277.52893,128131.24,3519.1484,5119.1328125,4311.0078125,3226.3515625
"host+('guest_1', 'guest_2', 'guest_3')",1,17,149753.17,125311.34,274.0918,125311.34,4118.133,6076.546875,5189.671875,3649.28125
"host+('guest_1', 'guest_2', 'guest_3')",1,18,147018.98,122234.39,270.28955,122234.39,4873.922,6725.3046875,5994.5703125,4012.1640625
"host+('guest_1', 'guest_2', 'guest_3')",1,19,145789.03,118812.03,266.02762,118812.03,5544.617,7656.9921875,6591.7578125,4713.109375
"host+('guest_1', 'guest_2', 'guest_3')",1,20,131288.89,115162.94,261.56305,115162.94,6574.8125,8823.9375,7416.796875,5016.0078125
"host+('guest_1', 'guest_2', 'guest_3')",1,21,124806.21,111314.64,256.77707,111314.64,7358.625,9199.515625,8215.0390625,5549.5390625
"host+('guest_1', 'guest_2', 'guest_3')",1,22,141417.08,107225.37,251.62976,107225.37,8576.578,10329.0625,8975.8671875,5947.015625
"host+('guest_1', 'guest_2', 'guest_3')",1,23,119722.75,102902.88,246.19183,102902.88,9908.461,11266.515625,9852.9453125,6507.515625
"host+('guest_1', 'guest_2', 'guest_3')",1,24,125792.805,98456.27,240.5868,98456.27,10940.93,11986.5390625,10383.5,6810.5703125
"host+('guest_1', 'guest_2', 'guest_3')",1,25,114173.3,93999.21,234.99794,93999.21,12473.578,12723.7578125,11019.0390625,7073.7578125
"host+('guest_1', 'guest_2', 'guest_3')",1,26,101556.625,89534.64,229.4158,89534.64,14083.75,13479.3046875,11517.1875,7456.09375
"host+('guest_1', 'guest_2', 'guest_3')",1,27,96245.414,85140.76,223.90506,85140.76,15787.164,14409.0546875,12011.6171875,7594.25
"host+('guest_1', 'guest_2', 'guest_3')",1,28,97119.63,80866.25,218.44838,80866.25,17272.906,14108.4140625,12576.3046875,7146.1484375
"host+('guest_1', 'guest_2', 'guest_3')",1,29,94860.6,76672.83,213.18036,76672.83,18929.953,14294.1015625,12505.5234375,7203.1953125
"host+('guest_1', 'guest_2', 'guest_3')",1,30,93688.1,72687.555,207.8831,72687.555,20955.281,13987.3203125,12372.1328125,6646.6796875
"host+('guest_1', 'guest_2', 'guest_3')",1,31,80377.96,68998.45,202.72574,68998.45,23255.703,13083.421875,12598.53125,6377.75
"host+('guest_1', 'guest_2', 'guest_3')",1,32,86426.32,65656.52,197.97641,65656.52,24810.922,13158.8046875,11771.8515625,5808.15625
"host+('guest_1', 'guest_2', 'guest_3')",1,33,70594.484,62560.883,193.30771,62560.883,26924.305,11767.90625,11868.8046875,5629.1875
"host+('guest_1', 'guest_2', 'guest_3')",1,34,66569.58,59757.094,188.95502,59757.094,29525.781,10760.953125,11776.1640625,4250.10546875
"host+('guest_1', 'guest_2', 'guest_3')",1,35,62699.62,57222.285,184.89156,57222.285,31180.473,10328.37109375,11483.03515625,4277.47265625
"host+('guest_1', 'guest_2', 'guest_3')",1,36,63578.41,54834.734,180.88382,54834.734,33603.1,9756.73828125,10898.328125,3632.40625
"host+('guest_1', 'guest_2', 'guest_3')",1,37,59362.367,52424.01,176.79721,52424.01,35657.77,9449.3203125,11195.40234375,3991.37109375
"host+('guest_1', 'guest_2', 'guest_3')",1,38,58153.94,49966.348,172.56976,49966.348,39093.23,9436.671875,10440.671875,3256.55859375
"host+('guest_1', 'guest_2', 'guest_3')",1,39,53114.426,47504.406,168.20882,47504.406,41256.523,8500.87109375,10859.20703125,2658.8203125
"host+('guest_1', 'guest_2', 'guest_3')",1,40,52778.76,45055.586,163.69072,45055.586,43806.906,8678.53515625,9956.0,2761.5078125
"host+('guest_1', 'guest_2', 'guest_3')",1,41,47013.117,42519.15,158.9024,42519.15,45090.57,7936.31640625,10298.51171875,2817.5703125
"host+('guest_1', 'guest_2', 'guest_3')",1,42,45867.344,40028.508,154.03024,40028.508,47618.1,8185.75,10391.96875,2588.8125
"host+('guest_1', 'guest_2', 'guest_3')",1,43,43001.426,37489.953,148.97932,37489.953,50428.008,6481.88671875,10246.765625,2078.30859375
"host+('guest_1', 'guest_2', 'guest_3')",1,44,39274.473,34977.02,143.85391,34977.02,52462.16,6754.9765625,10615.4375,2109.2421875
"host+('guest_1', 'guest_2', 'guest_3')",1,45,39050.02,32485.383,138.614,32485.383,54870.03,6697.0390625,10211.69140625,1873.81640625
"host+('guest_1', 'guest_2', 'guest_3')",1,46,34116.637,30003.012,133.2229,30003.012,57611.49,6621.66796875,10844.68359375,2214.8515625
"host+('guest_1', 'guest_2', 'guest_3')",1,47,33288.633,27579.428,127.696815,27579.428,59662.117,7361.435546875,11322.177734375,2135.447265625
"host+('guest_1', 'guest_2', 'guest_3')",1,48,29460.22,25124.203,121.862724,25124.203,62386.023,7367.68359375,10833.8359375,2067.123046875
"host+('guest_1', 'guest_2', 'guest_3')",1,49,25400.95,22813.564,116.09559,22813.564,65301.297,7457.720703125,11137.580078125,1834.12890625
"host+('guest_1', 'guest_2', 'guest_3')",1,50,25694.975,20612.357,110.290085,20612.357,66927.65,7585.42578125,11594.564453125,1722.109375
"host+('guest_1', 'guest_2', 'guest_3')",1,51,23262.744,18398.045,104.17474,18398.045,67871.46,6539.103515625,11742.80078125,1625.935546875
"host+('guest_1', 'guest_2', 'guest_3')",1,52,21296.504,16302.967,98.06516,16302.967,72022.03,6766.486328125,11109.478515625,1843.373046875
"host+('guest_1', 'guest_2', 'guest_3')",1,53,16781.223,14300.261,91.84879,14300.261,73170.35,6962.7451171875,12170.4736328125,1789.2734375
"host+('guest_1', 'guest_2', 'guest_3')",1,54,14700.107,12508.42,85.84977,12508.42,74809.71,6709.630859375,12126.75390625,1634.2978515625
"host+('guest_1', 'guest_2', 'guest_3')",1,55,13871.653,10905.071,80.088684,10905.071,77821.97,6558.5712890625,12537.1279296875,1847.888671875
"host+('guest_1', 'guest_2', 'guest_3')",1,56,11419.213,9434.559,74.393234,9434.559,78520.39,6952.73046875,12928.361328125,1755.6513671875
"host+('guest_1', 'guest_2', 'guest_3')",1,57,9877.2,8112.025,68.941154,8112.025,82188.555,7010.83349609375,12859.501953125,1713.99951171875
"host+('guest_1', 'guest_2', 'guest_3')",1,58,8415.742,6980.023,63.962044,6980.023,82885.48,6627.16943359375,12657.369140625,1830.75830078125
"host+('guest_1', 'guest_2', 'guest_3')",1,59,7229.5366,6001.2354,59.327374,6001.2354,79997.25,6698.2783203125,13930.6552734375,1846.97998046875
"host+('guest_1', 'guest_2', 'guest_3')",1,60,6186.3994,5168.6665,55.12695,5168.6665,84970.76,6533.72607421875,13326.767578125,1864.71435546875
"host+('guest_1', 'guest_2', 'guest_3')",1,61,5172.5503,4460.075,51.187004,4460.075,82601.586,6628.375,13775.4189453125,1805.93603515625
"host+('guest_1', 'guest_2', 'guest_3')",1,62,4404.8027,3875.3257,47.66162,3875.3257,84623.65,6561.70458984375,13779.025390625,1767.76416015625
"host+('guest_1', 'guest_2', 'guest_3')",1,63,3831.3406,3400.2607,44.54811,3400.2607,82709.695,6819.443359375,13670.1259765625,1741.798828125
"host+('guest_1', 'guest_2', 'guest_3')",1,64,3564.5715,3001.1157,41.80163,3001.1157,84935.266,6449.68798828125,13941.880859375,1750.87841796875
"host+('guest_1', 'guest_2', 'guest_3')",1,65,3367.8203,2669.4373,39.469822,2669.4373,86273.61,6551.08203125,14517.509765625,1618.600830078125
"host+('guest_1', 'guest_2', 'guest_3')",1,66,2791.2163,2365.9333,37.180664,2365.9333,87220.05,6437.8818359375,14634.466796875,1620.345703125
"host+('guest_1', 'guest_2', 'guest_3')",1,67,2335.6514,2137.6199,35.261845,2137.6199,86052.43,6509.4140625,14998.0966796875,1611.96875
"host+('guest_1', 'guest_2', 'guest_3')",1,68,2277.968,1974.7009,33.736656,1974.7009,88259.65,6202.2158203125,15416.265625,1648.876220703125
"host+('guest_1', 'guest_2', 'guest_3')",1,69,2170.3452,1852.9182,32.548172,1852.9182,86581.516,6363.0751953125,15209.09375,1617.149169921875
"host+('guest_1', 'guest_2', 'guest_3')",1,70,2029.1013,1757.7974,31.63016,1757.7974,86075.98,6450.82666015625,14803.7734375,1663.2119140625
"host+('guest_1', 'guest_2', 'guest_3')",1,71,1861.4707,1680.8905,30.891243,1680.8905,86369.27,6335.375,15663.583984375,1623.4949951171875
"host+('guest_1', 'guest_2', 'guest_3')",1,72,1726.8506,1617.0663,30.303207,1617.0663,83247.06,6525.9248046875,16333.771484375,1579.6439208984375
"host+('guest_1', 'guest_2', 'guest_3')",1,73,1790.7949,1562.1074,29.79557,1562.1074,83298.71,6258.2177734375,15962.158203125,1610.331787109375
"host+('guest_1', 'guest_2', 'guest_3')",1,74,1807.6122,1510.6036,29.308138,1510.6036,86566.555,6212.78515625,15870.55078125,1519.6785888671875
"host+('guest_1', 'guest_2', 'guest_3')",1,75,1575.9697,1466.1661,28.890131,1466.1661,86633.79,6085.77490234375,16628.626953125,1578.8035888671875
"host+('guest_1', 'guest_2', 'guest_3')",1,76,1550.3644,1427.2731,28.513283,1427.2731,88436.484,6157.2265625,17373.169921875,1595.4298095703125
"host+('guest_1', 'guest_2', 'guest_3')",1,77,1552.4333,1393.711,28.187391,1393.711,86248.89,5890.873046875,17282.59765625,1513.1829833984375
"host+('guest_1', 'guest_2', 'guest_3')",1,78,1692.1367,1361.689,27.86656,1361.689,86283.31,5982.4443359375,17083.197265625,1443.9091796875
"host+('guest_1', 'guest_2', 'guest_3')",1,79,1549.433,1330.8665,27.553495,1330.8665,90314.5,5977.169921875,17624.78515625,1472.790283203125
"host+('guest_1', 'guest_2', 'guest_3')",1,80,1436.2478,1300.1257,27.232996,1300.1257,86483.336,5942.970703125,17260.318359375,1392.879638671875
"host+('guest_1', 'guest_2', 'guest_3')",1,81,1492.1754,1274.6788,26.96869,1274.6788,84357.125,5833.78466796875,17313.63671875,1429.8629150390625
"host+('guest_1', 'guest_2', 'guest_3')",1,82,1395.0472,1249.5057,26.700832,1249.5057,87636.484,5848.265625,17864.103515625,1313.1676025390625
"host+('guest_1', 'guest_2', 'guest_3')",1,83,1349.9288,1225.5626,26.4459,1225.5626,85953.59,5832.74462890625,18168.1796875,1371.9339599609375
"host+('guest_1', 'guest_2', 'guest_3')",1,84,1355.5049,1200.9158,26.17403,1200.9158,85484.625,5773.3671875,18671.341796875,1386.394287109375
"host+('guest_1', 'guest_2', 'guest_3')",1,85,1327.799,1178.5028,25.932177,1178.5028,86343.79,5565.3681640625,17748.640625,1349.1058349609375
"host+('guest_1', 'guest_2', 'guest_3')",1,86,1368.9211,1159.1476,25.727032,1159.1476,85398.12,5536.134765625,18475.23046875,1298.0509033203125
"host+('guest_1', 'guest_2', 'guest_3')",1,87,1261.9474,1139.3276,25.511961,1139.3276,87088.914,5494.62939453125,18956.44140625,1263.967041015625
"host+('guest_1', 'guest_2', 'guest_3')",1,88,1222.989,1120.9102,25.313429,1120.9102,87421.33,5420.66064453125,18921.98828125,1304.212890625
"host+('guest_1', 'guest_2', 'guest_3')",1,89,1239.9008,1102.7516,25.11544,1102.7516,85811.96,5567.296875,18519.47265625,1255.1009521484375
"host+('guest_1', 'guest_2', 'guest_3')",1,90,1167.1622,1080.9363,24.87297,1080.9363,84553.47,5468.1982421875,19153.33984375,1209.16650390625
"host+('guest_1', 'guest_2', 'guest_3')",1,91,1174.2184,1061.6952,24.661684,1061.6952,86555.086,5355.7080078125,19154.2734375,1176.9825439453125
"host+('guest_1', 'guest_2', 'guest_3')",1,92,1192.5785,1043.5981,24.460796,1043.5981,88363.625,5472.04736328125,19329.93359375,1222.35400390625
"host+('guest_1', 'guest_2', 'guest_3')",1,93,1140.531,1028.1393,24.295668,1028.1393,87639.69,5494.29931640625,19847.142578125,1152.1580810546875
"host+('guest_1', 'guest_2', 'guest_3')",1,94,1104.6383,1011.06177,24.102482,1011.06177,83796.055,5472.494140625,19633.404296875,1157.1416015625
"host+('guest_1', 'guest_2', 'guest_3')",1,95,1105.5459,995.6324,23.932194,995.6324,85133.5,5389.7431640625,19852.357421875,1135.13427734375
"host+('guest_1', 'guest_2', 'guest_3')",1,96,1096.3915,980.1164,23.76059,980.1164,88714.28,5429.2734375,20297.15625,1119.162353515625
"host+('guest_1', 'guest_2', 'guest_3')",1,97,1117.3317,964.45386,23.586302,964.45386,83714.49,5316.005859375,19983.767578125,1075.8907470703125
"host+('guest_1', 'guest_2', 'guest_3')",1,98,1042.476,950.0356,23.421265,950.0356,86279.08,5320.16796875,20445.9296875,1079.458251953125
"host+('guest_1', 'guest_2', 'guest_3')",1,99,993.9473,935.2628,23.24248,935.2628,86848.54,5198.7412109375,20624.662109375,1123.8553466796875
"host+('guest_1', 'guest_2', 'guest_3')",1,100,1114.9691,920.4006,23.059961,920.4006,87382.945,5356.47509765625,20008.85546875,999.4448852539062
"host+('guest_1', 'guest_2')",1,1,159841.84,145054.77,298.05484,145054.77,110.484375,78.203125,105.21875,
"host+('guest_1', 'guest_2')",1,2,167906.6,144730.08,297.68243,144730.08,222.65625,180.96875,234.59375,
"host+('guest_1', 'guest_2')",1,3,179290.58,144383.02,297.2847,144383.02,343.34375,259.6875,346.984375,
"host+('guest_1', 'guest_2')",1,4,165480.1,144000.03,296.8448,144000.03,472.84375,405.734375,479.8125,
"host+('guest_1', 'guest_2')",1,5,175572.16,143570.23,296.34827,143570.23,611.5,547.625,604.234375,
"host+('guest_1', 'guest_2')",1,6,167388.08,143072.16,295.7716,143072.16,782.6875,687.09375,793.984375,
"host+('guest_1', 'guest_2')",1,7,157458.36,142508.56,295.1173,142508.56,964.4375,864.625,962.765625,
"host+('guest_1', 'guest_2')",1,8,170096.66,141849.77,294.346,141849.77,1171.5469,1085.703125,1239.484375,
"host+('guest_1', 'guest_2')",1,9,165314.34,141072.03,293.4326,141072.03,1404.9375,1320.46875,1492.15625,
"host+('guest_1', 'guest_2')",1,10,159119.97,140166.5,292.3638,140166.5,1712.3125,1590.375,1807.46875,
"host+('guest_1', 'guest_2')",1,11,164838.11,139116.97,291.11942,139116.97,1998.9219,1850.125,2070.8125,
"host+('guest_1', 'guest_2')",1,12,158716.53,137886.33,289.67963,137886.33,2355.2344,2324.15625,2557.859375,
"host+('guest_1', 'guest_2')",1,13,160067.62,136479.44,288.04956,136479.44,2724.125,2785.5625,3062.5625,
"host+('guest_1', 'guest_2')",1,14,153873.7,134856.08,286.15247,134856.08,3274.4531,3274.09375,3567.671875,
"host+('guest_1', 'guest_2')",1,15,148092.22,133026.6,283.99316,133026.6,3805.875,3825.421875,4318.25,
"host+('guest_1', 'guest_2')",1,16,157289.28,130963.18,281.5438,130963.18,4379.0234,4514.6953125,4814.0703125,
"host+('guest_1', 'guest_2')",1,17,148881.77,128620.0,278.76212,128620.0,5059.047,5295.578125,5716.40625,
"host+('guest_1', 'guest_2')",1,18,156239.62,125990.22,275.61176,125990.22,5762.9844,6137.703125,6510.390625,
"host+('guest_1', 'guest_2')",1,19,138741.47,123085.664,272.11908,123085.664,6693.0312,6818.8828125,7268.9296875,
"host+('guest_1', 'guest_2')",1,20,137799.7,119932.125,268.29965,119932.125,7655.6953,7987.1484375,8207.1796875,
"host+('guest_1', 'guest_2')",1,21,131415.64,116495.92,264.04172,116495.92,8648.0,8577.0,9511.671875,
"host+('guest_1', 'guest_2')",1,22,135855.17,112780.87,259.47415,112780.87,9686.68,10135.8125,10479.34375,
"host+('guest_1', 'guest_2')",1,23,131577.14,108841.664,254.60182,108841.664,11027.977,11221.7421875,11693.484375,
"host+('guest_1', 'guest_2')",1,24,124627.62,104703.91,249.34975,104703.91,12556.508,12458.1171875,12776.8359375,
"host+('guest_1', 'guest_2')",1,25,113779.07,100300.96,243.68489,100300.96,14065.43,13181.0546875,13550.5390625,
"host+('guest_1', 'guest_2')",1,26,113457.98,95744.336,237.91956,95744.336,15752.242,14639.21875,14898.8203125,
"host+('guest_1', 'guest_2')",1,27,111631.87,91035.36,231.86258,91035.36,17848.46,15993.015625,15868.359375,
"host+('guest_1', 'guest_2')",1,28,100402.45,86190.086,225.58282,86190.086,19033.508,16438.078125,16440.9609375,
"host+('guest_1', 'guest_2')",1,29,99577.48,81398.38,219.31773,81398.38,20768.945,17529.3046875,18505.5234375,
"host+('guest_1', 'guest_2')",1,30,90336.62,76664.38,213.03719,76664.38,22763.57,17762.3828125,18217.453125,
"host+('guest_1', 'guest_2')",1,31,85813.125,72109.79,206.84209,72109.79,24881.297,18173.390625,18404.3203125,
"host+('guest_1', 'guest_2')",1,32,75293.875,67712.96,200.81288,67712.96,27531.695,17178.6640625,18988.671875,
"host+('guest_1', 'guest_2')",1,33,79862.93,63668.496,194.93532,63668.496,29640.465,18405.08984375,18682.88671875,
"host+('guest_1', 'guest_2')",1,34,68379.92,59900.176,189.25749,59900.176,32490.105,19375.76171875,19481.94921875,
"host+('guest_1', 'guest_2')",1,35,89837.86,56352.89,183.75319,56352.89,34676.914,17621.4453125,18725.5078125,
"host+('guest_1', 'guest_2')",1,36,59588.996,52744.344,177.89412,52744.344,36929.133,17836.0546875,18371.5625,
"host+('guest_1', 'guest_2')",1,37,54843.344,49698.324,172.69327,49698.324,39633.293,15434.61328125,18232.34765625,
"host+('guest_1', 'guest_2')",1,38,54388.117,46953.062,167.77933,46953.062,42151.586,15845.09765625,18539.5859375,
"host+('guest_1', 'guest_2')",1,39,49792.434,44342.547,162.94356,44342.547,44066.32,15347.58984375,17502.62109375,
"host+('guest_1', 'guest_2')",1,40,48613.45,41795.83,158.08235,41795.83,46326.016,14940.33203125,18130.16796875,
"host+('guest_1', 'guest_2')",1,41,43500.004,39289.742,153.1098,39289.742,49575.008,14010.65234375,17336.2734375,
"host+('guest_1', 'guest_2')",1,42,42338.727,36876.195,148.159,36876.195,52386.227,13034.2265625,17007.6328125,
"host+('guest_1', 'guest_2')",1,43,41864.77,34427.797,143.05574,34427.797,54045.875,12064.3359375,17021.57421875,
"host+('guest_1', 'guest_2')",1,44,50312.38,31951.008,137.74327,31951.008,56292.594,11571.82421875,17544.16015625,
"host+('guest_1', 'guest_2')",1,45,33185.35,29226.28,131.75021,29226.28,59741.58,12608.134765625,17076.212890625,
"host+('guest_1', 'guest_2')",1,46,30237.42,26833.512,126.206924,26833.512,61825.145,11939.91015625,17113.73046875,
"host+('guest_1', 'guest_2')",1,47,30594.932,24600.803,120.82873,24600.803,63218.312,12098.416015625,16733.166015625,
"host+('guest_1', 'guest_2')",1,48,25492.51,22405.727,115.28723,22405.727,65644.15,11762.4765625,16834.89453125,
"host+('guest_1', 'guest_2')",1,49,22651.16,20351.809,109.90504,20351.809,69270.516,11949.43359375,17544.76171875,
"host+('guest_1', 'guest_2')",1,50,20605.24,18445.43,104.60971,18445.43,70302.44,12325.16796875,18087.6953125,
"host+('guest_1', 'guest_2')",1,51,18034.96,16638.676,99.31762,16638.676,71598.47,11539.51171875,17942.01953125,
"host+('guest_1', 'guest_2')",1,52,16423.35,14971.531,94.11943,14971.531,73344.836,11656.408203125,18333.6953125,
"host+('guest_1', 'guest_2')",1,53,16255.384,13402.031,88.920044,13402.031,75954.85,10928.541015625,19307.654296875,
"host+('guest_1', 'guest_2')",1,54,14784.795,11849.395,83.567535,11849.395,75466.36,10532.748046875,18765.970703125,
"host+('guest_1', 'guest_2')",1,55,15579.576,10353.123,78.15853,10353.123,77645.81,11063.1015625,19027.37109375,
"host+('guest_1', 'guest_2')",1,56,10494.922,8846.108,72.37217,8846.108,79801.305,10617.0166015625,19665.265625,
"host+('guest_1', 'guest_2')",1,57,8748.273,7628.8936,67.304886,7628.8936,81268.03,10697.4853515625,19338.7734375,
"host+('guest_1', 'guest_2')",1,58,7478.439,6597.131,62.67611,6597.131,81223.87,10838.62109375,18730.10546875,
"host+('guest_1', 'guest_2')",1,59,6275.1987,5729.8916,58.43585,5729.8916,82879.61,10761.4267578125,19889.3828125,
"host+('guest_1', 'guest_2')",1,60,5665.509,5006.8403,54.612663,5006.8403,83901.4,10575.42578125,20172.931640625,
"host+('guest_1', 'guest_2')",1,61,4670.829,4365.574,50.958767,4365.574,83052.25,10673.55859375,19524.4921875,
"host+('guest_1', 'guest_2')",1,62,4634.8716,3828.8496,47.656246,3828.8496,83951.016,10426.3583984375,20673.267578125,
"host+('guest_1', 'guest_2')",1,63,3802.972,3343.5862,44.660236,3343.5862,85709.13,9923.203125,20369.009765625,
"host+('guest_1', 'guest_2')",1,64,3104.6992,2934.1482,42.1041,2934.1482,85859.98,10499.7158203125,20790.17578125,
"host+('guest_1', 'guest_2')",1,65,2801.2302,2611.7063,39.90573,2611.7063,84904.15,9991.314453125,21240.337890625,
"host+('guest_1', 'guest_2')",1,66,2452.513,2346.5415,38.00033,2346.5415,86536.33,9933.98046875,20587.140625,
"host+('guest_1', 'guest_2')",1,67,2277.985,2124.9927,36.304134,2124.9927,84176.15,9793.94140625,20990.29296875,
"host+('guest_1', 'guest_2')",1,68,2047.3002,1944.1495,34.838356,1944.1495,87109.22,9699.064453125,21186.138671875,
"host+('guest_1', 'guest_2')",1,69,2092.5334,1789.7742,33.56389,1789.7742,85951.86,9987.0556640625,21728.595703125,
"host+('guest_1', 'guest_2')",1,70,1769.956,1654.3782,32.46768,1654.3782,85707.03,9698.2626953125,21594.416015625,
"host+('guest_1', 'guest_2')",1,71,1751.6365,1547.2876,31.568333,1547.2876,85580.16,9495.474609375,21533.482421875,
"host+('guest_1', 'guest_2')",1,72,1511.9397,1459.4911,30.775398,1459.4911,86098.05,9457.7470703125,22007.791015625,
"host+('guest_1', 'guest_2')",1,73,1469.7213,1393.1115,30.173096,1393.1115,88222.55,9279.81640625,21608.783203125,
"host+('guest_1', 'guest_2')",1,74,1487.2655,1338.1886,29.648388,1338.1886,86550.71,9349.8662109375,23257.537109375,
"host+('guest_1', 'guest_2')",1,75,1320.1321,1287.647,29.161678,1287.647,87136.414,9237.01171875,22631.84765625,
"host+('guest_1', 'guest_2')",1,76,1400.6766,1243.973,28.732464,1243.973,87141.4,9117.783203125,22784.822265625,
"host+('guest_1', 'guest_2')",1,77,1260.1185,1204.389,28.317167,1204.389,85993.34,9252.49609375,23228.955078125,
"host+('guest_1', 'guest_2')",1,78,1330.6348,1170.8901,27.941505,1170.8901,86105.82,8762.478515625,23607.705078125,
"host+('guest_1', 'guest_2')",1,79,1209.3064,1141.6051,27.578514,1141.6051,87828.414,8926.5107421875,22989.505859375,
"host+('guest_1', 'guest_2')",1,80,1194.4792,1116.2158,27.24847,1116.2158,85393.05,8825.583984375,23752.08203125,
"host+('guest_1', 'guest_2')",1,81,1171.1885,1092.3738,26.934885,1092.3738,85714.81,8862.771484375,23650.029296875,
"host+('guest_1', 'guest_2')",1,82,1119.9872,1069.2446,26.638771,1069.2446,86980.61,8335.708984375,23784.416015625,
"host+('guest_1', 'guest_2')",1,83,1204.9554,1048.6398,26.373442,1048.6398,88575.06,8613.75,23686.458984375,
"host+('guest_1', 'guest_2')",1,84,1097.4813,1027.6102,26.100683,1027.6102,86452.59,8274.94140625,24437.953125,
"host+('guest_1', 'guest_2')",1,85,1069.1127,1003.6843,25.829327,1003.6843,88620.0,8186.400390625,24335.513671875,
"host+('guest_1', 'guest_2')",1,86,1066.7439,982.1235,25.58622,982.1235,84684.89,8231.4365234375,24781.5625,
"host+('guest_1', 'guest_2')",1,87,1050.5978,962.02277,25.342657,962.02277,87868.24,8240.47265625,24199.23828125,
"host+('guest_1', 'guest_2')",1,88,1001.9146,944.3954,25.11153,944.3954,89735.766,8209.8046875,23915.888671875,
"host+('guest_1', 'guest_2')",1,89,972.213,928.9117,24.90443,928.9117,84134.51,8153.82568359375,25113.943359375,
"host+('guest_1', 'guest_2')",1,90,988.3249,915.0825,24.708559,915.0825,87885.46,7986.10693359375,24926.154296875,
"host+('guest_1', 'guest_2')",1,91,975.0899,900.351,24.500736,900.351,87097.56,7861.19970703125,25096.109375,
"host+('guest_1', 'guest_2')",1,92,988.52576,886.9952,24.284266,886.9952,87000.78,8087.2861328125,24805.44140625,
"host+('guest_1', 'guest_2')",1,93,937.6212,871.5538,24.0645,871.5538,88357.016,7540.2021484375,24774.265625,
"host+('guest_1', 'guest_2')",1,94,968.78107,855.72784,23.869743,855.72784,84308.79,7725.82177734375,25189.98828125,
"host+('guest_1', 'guest_2')",1,95,894.4347,839.3374,23.656548,839.3374,87733.13,7546.40087890625,25591.923828125,
"host+('guest_1', 'guest_2')",1,96,875.1434,824.07074,23.455181,824.07074,87052.73,7634.00146484375,25532.203125,
"host+('guest_1', 'guest_2')",1,97,848.59326,810.83075,23.263514,810.83075,87853.78,7461.74755859375,25544.44140625,
"host+('guest_1', 'guest_2')",1,98,886.2853,796.9579,23.064827,796.9579,87264.055,7510.4169921875,26146.404296875,
"host+('guest_1', 'guest_2')",1,99,890.8478,783.7617,22.866932,783.7617,84289.09,7715.51953125,26281.998046875,
"host+('guest_1', 'guest_2')",1,100,810.05524,770.9516,22.671059,770.9516,84966.45,7182.958984375,26267.658203125,
"host+('guest_1', 'guest_3')",1,1,167025.14,145030.11,297.99203,145030.11,25.421875,183.515625,,90.53125
"host+('guest_1', 'guest_3')",1,2,165075.14,144702.72,297.5999,144702.72,120.46875,344.0625,,167.421875
"host+('guest_1', 'guest_3')",1,3,165054.9,144352.94,297.1802,144352.94,206.60938,520.546875,,257.53125
"host+('guest_1', 'guest_3')",1,4,169502.9,143966.64,296.7162,143966.64,317.54688,700.859375,,360.265625
"host+('guest_1', 'guest_3')",1,5,180361.6,143533.62,296.19608,143533.62,436.14062,881.46875,,481.8125
"host+('guest_1', 'guest_3')",1,6,218084.28,143035.67,295.5963,143035.67,572.4375,1096.4375,,631.546875
"host+('guest_1', 'guest_3')",1,7,170411.62,142471.2,294.9114,142471.2,718.375,1311.609375,,786.453125
"host+('guest_1', 'guest_3')",1,8,160671.86,141843.2,294.1452,141843.2,885.5,1543.5,,949.6875
"host+('guest_1', 'guest_3')",1,9,157956.0,141128.5,293.2653,141128.5,1071.625,1923.53125,,1162.484375
"host+('guest_1', 'guest_3')",1,10,169194.25,140304.6,292.25238,140304.6,1261.2969,2318.3125,,1427.109375
"host+('guest_1', 'guest_3')",1,11,156103.97,139342.1,291.08743,139342.1,1485.4688,2688.546875,,1690.0
"host+('guest_1', 'guest_3')",1,12,159891.92,138247.67,289.78162,138247.67,1825.0781,3233.078125,,1870.890625
"host+('guest_1', 'guest_3')",1,13,159402.86,136999.2,288.2839,136999.2,2091.875,3706.15625,,2290.140625
"host+('guest_1', 'guest_3')",1,14,154419.77,135585.7,286.57462,135585.7,2443.3125,4321.078125,,2655.25
"host+('guest_1', 'guest_3')",1,15,153262.42,133968.16,284.60492,133968.16,2899.5938,4981.703125,,3131.046875
"host+('guest_1', 'guest_3')",1,16,148996.83,132154.98,282.40033,132154.98,3355.3281,5690.984375,,3585.59375
"host+('guest_1', 'guest_3')",1,17,152694.48,130109.0,279.91495,130109.0,3836.7656,6723.140625,,4101.140625
"host+('guest_1', 'guest_3')",1,18,151573.45,127802.71,277.0889,127802.71,4455.3516,7594.0546875,,4728.7265625
"host+('guest_1', 'guest_3')",1,19,150261.11,125252.9,273.9675,125252.9,5176.5703,8485.7109375,,5382.203125
"host+('guest_1', 'guest_3')",1,20,148585.77,122450.88,270.5174,122450.88,6006.8906,9773.6484375,,6039.640625
"host+('guest_1', 'guest_3')",1,21,135041.75,119405.88,266.76486,119405.88,6871.164,10767.8671875,,6629.421875
"host+('guest_1', 'guest_3')",1,22,134849.5,116177.99,262.85104,116177.99,7837.7812,11934.515625,,7511.484375
"host+('guest_1', 'guest_3')",1,23,123602.04,112725.19,258.64453,112725.19,8883.336,13665.8203125,,7940.328125
"host+('guest_1', 'guest_3')",1,24,123343.5,109116.38,254.1731,109116.38,10154.227,14661.796875,,8772.8046875
"host+('guest_1', 'guest_3')",1,25,121280.734,105307.2,249.42114,105307.2,11184.586,15664.7890625,,9372.0234375
"host+('guest_1', 'guest_3')",1,26,116687.73,101366.73,244.47083,101366.73,12800.305,16739.5859375,,10097.5703125
"host+('guest_1', 'guest_3')",1,27,120998.805,97236.01,239.3472,97236.01,14257.219,19095.0078125,,11010.3515625
"host+('guest_1', 'guest_3')",1,28,117869.24,92981.96,233.92082,92981.96,15647.891,19397.34375,,10834.6484375
"host+('guest_1', 'guest_3')",1,29,100330.29,88675.95,228.48616,88675.95,17648.672,20218.71875,,11268.625
"host+('guest_1', 'guest_3')",1,30,93598.18,84488.68,223.17648,84488.68,19381.844,22147.4453125,,11540.5234375
"host+('guest_1', 'guest_3')",1,31,92797.555,80405.44,218.01093,80405.44,21787.734,22847.34375,,12028.234375
"host+('guest_1', 'guest_3')",1,32,85752.17,76462.625,212.97562,76462.625,23739.328,23356.71875,,11897.46875
"host+('guest_1', 'guest_3')",1,33,80266.93,72704.73,208.02121,72704.73,25468.375,23605.671875,,11703.0546875
"host+('guest_1', 'guest_3')",1,34,83431.62,69122.48,203.08728,69122.48,28049.695,23154.21875,,11585.4296875
"host+('guest_1', 'guest_3')",1,35,76557.1,65725.53,198.18141,65725.53,30524.336,23539.6015625,,11440.375
"host+('guest_1', 'guest_3')",1,36,71085.58,62445.54,193.26717,62445.54,32511.0,23511.8046875,,10770.6796875
"host+('guest_1', 'guest_3')",1,37,65560.336,59348.934,188.41504,59348.934,34981.105,22626.79296875,,10887.14453125
"host+('guest_1', 'guest_3')",1,38,69546.33,56383.965,183.55374,56383.965,37844.81,23962.76953125,,10286.03515625
"host+('guest_1', 'guest_3')",1,39,60941.773,53403.67,178.72588,53403.67,39892.83,22818.5078125,,9764.6328125
"host+('guest_1', 'guest_3')",1,40,65124.617,50484.652,173.92711,50484.652,43045.395,21526.99609375,,9435.0859375
"host+('guest_1', 'guest_3')",1,41,51890.918,47493.69,168.83365,47493.69,46894.56,22094.34765625,,9051.69921875
"host+('guest_1', 'guest_3')",1,42,49838.066,44688.78,163.86078,44688.78,47787.453,20872.484375,,8869.078125
"host+('guest_1', 'guest_3')",1,43,51849.395,41981.164,158.88853,41981.164,51342.08,20960.7890625,,8774.08203125
"host+('guest_1', 'guest_3')",1,44,42972.605,39170.023,153.54442,39170.023,53617.97,19993.1953125,,8627.43359375
"host+('guest_1', 'guest_3')",1,45,40563.69,36505.434,148.31044,36505.434,56209.887,19758.19140625,,8524.85546875
"host+('guest_1', 'guest_3')",1,46,39564.215,33902.477,143.0024,33902.477,58294.344,20091.5703125,,8281.828125
"host+('guest_1', 'guest_3')",1,47,38965.94,31316.445,137.48396,31316.445,62355.695,19197.9453125,,8272.00390625
"host+('guest_1', 'guest_3')",1,48,31551.332,28680.822,131.63757,28680.822,63153.297,20250.052734375,,8148.318359375
"host+('guest_1', 'guest_3')",1,49,28509.307,26283.969,125.9328,26283.969,67251.46,19529.359375,,7979.48828125
"host+('guest_1', 'guest_3')",1,50,26680.885,24013.498,120.24959,24013.498,67513.06,20205.779296875,,7906.4453125
"host+('guest_1', 'guest_3')",1,51,24066.502,21856.89,114.52089,21856.89,69275.49,20640.375,,8161.974609375
"host+('guest_1', 'guest_3')",1,52,22181.324,19843.334,108.87446,19843.334,70986.07,20301.900390625,,7976.041015625
"host+('guest_1', 'guest_3')",1,53,19843.035,17923.078,103.249245,17923.078,73051.516,19987.84375,,8037.185546875
"host+('guest_1', 'guest_3')",1,54,17191.14,16140.671,97.74821,16140.671,74718.83,20387.23828125,,8105.3955078125
"host+('guest_1', 'guest_3')",1,55,17304.967,14502.914,92.45269,14502.914,76515.625,20381.7578125,,7948.828125
"host+('guest_1', 'guest_3')",1,56,14609.492,12958.518,87.28722,12958.518,77415.41,19959.658203125,,8281.037109375
"host+('guest_1', 'guest_3')",1,57,13422.342,11556.534,82.29802,11556.534,81726.95,20848.125,,7853.3115234375
"host+('guest_1', 'guest_3')",1,58,11470.151,10284.207,77.483986,10284.207,79886.734,20692.326171875,,8232.888671875
"host+('guest_1', 'guest_3')",1,59,10414.99,9157.443,72.8925,9157.443,82875.445,21042.083984375,,7795.55859375
"host+('guest_1', 'guest_3')",1,60,9120.901,8152.6177,68.44106,8152.6177,82246.45,20944.544921875,,8267.18359375
"host+('guest_1', 'guest_3')",1,61,8349.078,7308.5615,64.49835,7308.5615,84142.92,20684.765625,,8231.603515625
"host+('guest_1', 'guest_3')",1,62,7599.702,6578.861,60.99201,6578.861,84241.48,20314.431640625,,8357.169921875
"host+('guest_1', 'guest_3')",1,63,6571.3203,5939.8076,57.81417,5939.8076,85613.09,21332.33203125,,8084.1591796875
"host+('guest_1', 'guest_3')",1,64,6163.4683,5406.927,55.000713,5406.927,83458.164,22234.296875,,8087.5517578125
"host+('guest_1', 'guest_3')",1,65,5913.1533,4967.7397,52.555706,4967.7397,84599.164,21910.45703125,,8233.59765625
"host+('guest_1', 'guest_3')",1,66,5118.1343,4579.381,50.293888,4579.381,88751.57,21810.115234375,,8356.1484375
"host+('guest_1', 'guest_3')",1,67,4891.364,4259.5967,48.29504,4259.5967,87233.016,21608.12890625,,8325.455078125
"host+('guest_1', 'guest_3')",1,68,4605.722,3994.7336,46.604244,3994.7336,82620.21,21915.619140625,,8543.1298828125
"host+('guest_1', 'guest_3')",1,69,4447.902,3775.1567,45.195015,3775.1567,87834.04,22547.177734375,,8266.888671875
"host+('guest_1', 'guest_3')",1,70,4196.4614,3578.8557,43.89388,3578.8557,85439.02,21914.71484375,,8573.955078125
"host+('guest_1', 'guest_3')",1,71,3748.3691,3406.471,42.6766,3406.471,89097.5,21601.146484375,,8260.8203125
"host+('guest_1', 'guest_3')",1,72,3752.736,3255.935,41.610428,3255.935,84722.53,23626.220703125,,8494.58984375
"host+('guest_1', 'guest_3')",1,73,3554.6355,3118.794,40.621582,3118.794,89240.21,23690.72265625,,8252.0537109375
"host+('guest_1', 'guest_3')",1,74,3514.4539,2993.3486,39.72312,2993.3486,87714.67,22992.3671875,,8376.869140625
"host+('guest_1', 'guest_3')",1,75,3142.2693,2876.7273,38.883324,2876.7273,88190.484,22803.076171875,,8257.55078125
"host+('guest_1', 'guest_3')",1,76,3260.5232,2768.944,38.061802,2768.944,86256.29,23306.083984375,,8016.8935546875
"host+('guest_1', 'guest_3')",1,77,3087.3635,2665.482,37.305656,2665.482,87539.57,23249.302734375,,7832.54443359375
"host+('guest_1', 'guest_3')",1,78,3135.2014,2568.5754,36.58018,2568.5754,88526.01,23943.388671875,,8001.013671875
"host+('guest_1', 'guest_3')",1,79,2829.219,2472.0505,35.873516,2472.0505,86677.5,24484.955078125,,8002.0263671875
"host+('guest_1', 'guest_3')",1,80,2666.9172,2379.2583,35.146683,2379.2583,87616.36,23779.296875,,7917.20654296875
"host+('guest_1', 'guest_3')",1,81,2787.0234,2290.5793,34.427803,2290.5793,86418.73,23830.857421875,,7500.6376953125
"host+('guest_1', 'guest_3')",1,82,2402.7224,2203.3474,33.702778,2203.3474,88613.41,24181.95703125,,7870.2685546875
"host+('guest_1', 'guest_3')",1,83,2502.6914,2120.2065,32.956944,2120.2065,87951.8,24235.380859375,,7672.00244140625
"host+('guest_1', 'guest_3')",1,84,2354.4778,2037.9507,32.24106,2037.9507,86459.32,24196.44140625,,7252.96044921875
"host+('guest_1', 'guest_3')",1,85,2256.563,1960.3376,31.57545,1960.3376,86198.305,24817.673828125,,7397.2783203125
"host+('guest_1', 'guest_3')",1,86,2098.1528,1887.1329,30.938925,1887.1329,85073.72,25678.373046875,,7471.3251953125
"host+('guest_1', 'guest_3')",1,87,2050.7305,1817.331,30.310963,1817.331,86340.22,24726.7265625,,7403.8896484375
"host+('guest_1', 'guest_3')",1,88,2059.5425,1748.2422,29.709526,1748.2422,84961.35,25265.875,,7325.8583984375
"host+('guest_1', 'guest_3')",1,89,1979.7307,1682.6494,29.13394,1682.6494,86466.234,25037.640625,,7031.0537109375
"host+('guest_1', 'guest_3')",1,90,1888.4746,1619.2942,28.567799,1619.2942,86113.805,25687.072265625,,6856.654296875
"host+('guest_1', 'guest_3')",1,91,1776.2941,1557.2516,27.946762,1557.2516,84669.36,25893.919921875,,7080.97021484375
"host+('guest_1', 'guest_3')",1,92,1708.7041,1496.405,27.332773,1496.405,86183.82,26110.9375,,7146.646484375
"host+('guest_1', 'guest_3')",1,93,1769.6525,1439.316,26.762981,1439.316,86344.266,26033.76953125,,6969.59130859375
"host+('guest_1', 'guest_3')",1,94,1724.6738,1383.3674,26.212955,1383.3674,87091.53,26474.65234375,,6999.4599609375
"host+('guest_1', 'guest_3')",1,95,1597.9131,1329.1576,25.735897,1329.1576,88079.836,25982.15234375,,7168.60888671875
"host+('guest_1', 'guest_3')",1,96,1406.7097,1278.3492,25.275055,1278.3492,86580.766,26955.8046875,,6642.10546875
"host+('guest_1', 'guest_3')",1,97,1480.794,1229.6488,24.790615,1229.6488,86489.56,27193.896484375,,6626.5244140625
"host+('guest_1', 'guest_3')",1,98,1398.4618,1183.5714,24.337831,1183.5714,87978.38,27530.15234375,,6736.76220703125
"host+('guest_1', 'guest_3')",1,99,1377.8181,1136.445,23.844662,1136.445,86256.38,26647.671875,,6285.501953125
"host+('guest_1', 'guest_3')",1,100,1350.0323,1092.6207,23.419397,1092.6207,85678.6,27305.85546875,,6352.48486328125
"host+('guest_2', 'guest_3')",1,1,157661.5,145020.94,297.96878,145020.94,-15.40625,,159.6875,195.15625
"host+('guest_2', 'guest_3')",1,2,174432.95,144717.08,297.62244,144717.08,81.640625,,254.453125,285.75
"host+('guest_2', 'guest_3')",1,3,159579.58,144393.28,297.25302,144393.28,190.73438,,365.75,372.859375
"host+('guest_2', 'guest_3')",1,4,167119.3,144042.0,296.85114,144042.0,296.0625,,486.125,479.609375
"host+('guest_2', 'guest_3')",1,5,158337.75,143640.53,296.39005,143640.53,429.15625,,642.9375,613.390625
"host+('guest_2', 'guest_3')",1,6,159721.33,143184.8,295.86368,143184.8,566.625,,805.765625,765.390625
"host+('guest_2', 'guest_3')",1,7,159681.5,142658.2,295.25656,142658.2,743.8281,,965.328125,924.6875
"host+('guest_2', 'guest_3')",1,8,173032.73,142044.78,294.54727,142044.78,948.4375,,1222.265625,1105.171875
"host+('guest_2', 'guest_3')",1,9,157947.23,141320.75,293.70966,141320.75,1159.5312,,1455.375,1326.453125
"host+('guest_2', 'guest_3')",1,10,164409.97,140489.45,292.74496,140489.45,1428.7188,,1702.75,1561.265625
"host+('guest_2', 'guest_3')",1,11,161895.38,139526.4,291.62555,139526.4,1738.9688,,2079.6875,1811.25
"host+('guest_2', 'guest_3')",1,12,154879.38,138417.2,290.34177,138417.2,2094.375,,2470.375,2190.890625
"host+('guest_2', 'guest_3')",1,13,155178.47,137164.23,288.904,137164.23,2484.4062,,3013.625,2526.546875
"host+('guest_2', 'guest_3')",1,14,166616.73,135726.52,287.2619,135726.52,2998.3281,,3549.0,2882.125
"host+('guest_2', 'guest_3')",1,15,151643.61,134075.56,285.36984,134075.56,3437.25,,4005.796875,3339.234375
"host+('guest_2', 'guest_3')",1,16,145833.28,132241.08,283.24472,132241.08,4015.1094,,4699.859375,3818.25
"host+('guest_2', 'guest_3')",1,17,145456.83,130214.766,280.8842,130214.766,4747.172,,5527.0,4397.25
"host+('guest_2', 'guest_3')",1,18,153268.08,127943.586,278.2328,127943.586,5443.992,,6489.0546875,4783.8515625
"host+('guest_2', 'guest_3')",1,19,144594.66,125418.4,275.28302,125418.4,6373.508,,7221.7421875,5365.1875
"host+('guest_2', 'guest_3')",1,20,142736.97,122613.19,271.98727,122613.19,7134.8203,,8324.4609375,5950.1171875
"host+('guest_2', 'guest_3')",1,21,137366.03,119550.625,268.35403,119550.625,8138.375,,9371.1953125,6740.9609375
"host+('guest_2', 'guest_3')",1,22,143019.3,116243.734,264.39185,116243.734,9303.516,,10534.109375,7320.4453125
"host+('guest_2', 'guest_3')",1,23,123154.37,112667.79,260.0337,112667.79,10644.617,,12035.1875,8245.203125
"host+('guest_2', 'guest_3')",1,24,123150.695,108947.52,255.461,108947.52,11644.3125,,12824.0625,9158.1171875
"host+('guest_2', 'guest_3')",1,25,117463.06,105003.36,250.58252,105003.36,13376.289,,14001.3515625,9603.171875
"host+('guest_2', 'guest_3')",1,26,115080.48,100829.375,245.29134,100829.375,14829.703,,15788.515625,10222.0703125
"host+('guest_2', 'guest_3')",1,27,123203.54,96465.22,239.66533,96465.22,16254.641,,17617.3046875,11223.6328125
"host+('guest_2', 'guest_3')",1,28,111563.49,91846.87,233.63101,91846.87,18273.336,,18255.3125,11724.9609375
"host+('guest_2', 'guest_3')",1,29,110235.44,87125.72,227.46356,87125.72,20048.086,,19838.3046875,12224.7109375
"host+('guest_2', 'guest_3')",1,30,93753.13,82338.766,221.04834,82338.766,22230.477,,20897.4453125,12728.3359375
"host+('guest_2', 'guest_3')",1,31,89799.68,77609.74,214.51149,77609.74,24166.227,,22522.328125,12998.65625
"host+('guest_2', 'guest_3')",1,32,85459.38,72923.01,207.99886,72923.01,26595.148,,23559.4453125,13161.8046875
"host+('guest_2', 'guest_3')",1,33,115154.875,68252.37,201.29587,68252.37,28520.531,,23742.6171875,13519.171875
"host+('guest_2', 'guest_3')",1,34,73687.305,63421.066,194.18124,63421.066,31217.012,,24501.18359375,14214.30859375
"host+('guest_2', 'guest_3')",1,35,66463.805,59181.367,187.67734,59181.367,33704.61,,25880.3203125,13539.5078125
"host+('guest_2', 'guest_3')",1,36,72610.02,55352.277,181.61072,55352.277,36068.06,,26178.98828125,13735.71484375
"host+('guest_2', 'guest_3')",1,37,60375.473,51620.832,175.36343,51620.832,38339.895,,26288.41796875,12799.30859375
"host+('guest_2', 'guest_3')",1,38,61277.926,48152.42,169.29541,48152.42,40566.18,,26523.40625,12296.96484375
"host+('guest_2', 'guest_3')",1,39,52566.684,44876.61,163.45067,44876.61,43164.664,,26831.984375,12002.84375
"host+('guest_2', 'guest_3')",1,40,52168.215,41876.91,157.86403,41876.91,45563.254,,25924.65234375,10564.8515625
"host+('guest_2', 'guest_3')",1,41,45441.332,39021.414,152.36317,39021.414,47758.79,,26721.5859375,10839.6171875
"host+('guest_2', 'guest_3')",1,42,41570.38,36374.277,147.08081,36374.277,50280.63,,25985.859375,10213.85546875
"host+('guest_2', 'guest_3')",1,43,41529.855,33814.79,141.76178,33814.79,53570.04,,26342.40625,9478.375
"host+('guest_2', 'guest_3')",1,44,36162.555,31281.22,136.2964,31281.22,54995.016,,23706.525390625,8735.041015625
"host+('guest_2', 'guest_3')",1,45,36351.996,28883.22,130.89531,28883.22,57072.305,,25376.603515625,8274.048828125
"host+('guest_2', 'guest_3')",1,46,30420.969,26545.393,125.408585,26545.393,59833.22,,24715.291015625,7758.283203125
"host+('guest_2', 'guest_3')",1,47,28788.137,24317.402,119.87803,24317.402,60943.56,,24480.85546875,7298.9296875
"host+('guest_2', 'guest_3')",1,48,29131.037,22169.426,114.3111,22169.426,64357.56,,24300.1015625,7519.58984375
"host+('guest_2', 'guest_3')",1,49,24563.639,20017.943,108.536415,20017.943,67270.92,,25126.193359375,7342.97265625
"host+('guest_2', 'guest_3')",1,50,24080.932,17962.207,102.704384,17962.207,69886.08,,25313.18359375,6955.220703125
"host+('guest_2', 'guest_3')",1,51,19092.99,16002.914,96.91243,16002.914,70665.25,,24550.375,7156.32421875
"host+('guest_2', 'guest_3')",1,52,17168.023,14233.125,91.409195,14233.125,72272.37,,24696.9140625,6512.919921875
"host+('guest_2', 'guest_3')",1,53,14536.966,12619.39,86.07332,12619.39,72544.516,,25919.26953125,6157.0947265625
"host+('guest_2', 'guest_3')",1,54,13675.666,11171.864,80.9632,11171.864,75838.04,,25314.1875,6366.7958984375
"host+('guest_2', 'guest_3')",1,55,12122.312,9845.513,76.02737,9845.513,77482.46,,25367.88671875,6443.029296875
"host+('guest_2', 'guest_3')",1,56,10422.542,8623.89,71.10861,8623.89,79422.1,,25053.4375,6484.384765625
"host+('guest_2', 'guest_3')",1,57,9437.072,7541.718,66.45206,7541.718,78044.06,,26176.609375,6573.41015625
"host+('guest_2', 'guest_3')",1,58,8119.5815,6565.9,61.90723,6565.9,81054.695,,25367.0625,6754.40771484375
"host+('guest_2', 'guest_3')",1,59,7041.797,5703.607,57.642326,5703.607,82512.11,,25037.951171875,6131.14111328125
"host+('guest_2', 'guest_3')",1,60,5982.6865,4984.77,53.82868,4984.77,82037.414,,26674.703125,6079.66064453125
"host+('guest_2', 'guest_3')",1,61,5422.6177,4364.3486,50.34893,4364.3486,84559.97,,27002.1015625,6055.2763671875
"host+('guest_2', 'guest_3')",1,62,4690.5767,3828.802,47.14481,3828.802,83485.69,,26464.796875,5964.0693359375
"host+('guest_2', 'guest_3')",1,63,3890.8188,3397.676,44.361656,3397.676,85904.68,,27166.71875,6259.7998046875
"host+('guest_2', 'guest_3')",1,64,3949.3997,3051.8052,41.96681,3051.8052,83782.42,,26833.6328125,5852.64013671875
"host+('guest_2', 'guest_3')",1,65,3315.5664,2768.7058,39.88927,2768.7058,84288.94,,27448.869140625,5638.5830078125
"host+('guest_2', 'guest_3')",1,66,2951.641,2543.118,38.164085,2543.118,82342.78,,27951.9765625,6055.1923828125
"host+('guest_2', 'guest_3')",1,67,2808.3909,2363.7021,36.708763,2363.7021,85352.945,,28082.9765625,5736.1650390625
"host+('guest_2', 'guest_3')",1,68,2552.2134,2211.1243,35.400986,2211.1243,86899.43,,27903.087890625,5712.13671875
"host+('guest_2', 'guest_3')",1,69,2328.9363,2097.5808,34.369293,2097.5808,85566.4,,27405.94921875,5931.693359375
"host+('guest_2', 'guest_3')",1,70,2275.1375,2009.8322,33.564983,2009.8322,87841.24,,27582.697265625,5612.642578125
"host+('guest_2', 'guest_3')",1,71,2151.5024,1934.2184,32.934425,1934.2184,86325.734,,27996.8984375,5503.75439453125
"host+('guest_2', 'guest_3')",1,72,2047.3005,1880.3345,32.46663,1880.3345,86703.26,,29377.443359375,5571.560546875
"host+('guest_2', 'guest_3')",1,73,2038.6777,1836.588,32.045815,1836.588,83515.95,,28727.650390625,5458.134765625
"host+('guest_2', 'guest_3')",1,74,2023.0077,1802.0118,31.720818,1802.0118,83232.336,,29493.9375,5523.20361328125
"host+('guest_2', 'guest_3')",1,75,1862.7502,1771.6731,31.412922,1771.6731,86297.97,,29813.759765625,5244.2783203125
"host+('guest_2', 'guest_3')",1,76,1832.7933,1745.9412,31.12665,1745.9412,84330.984,,30738.9296875,5447.2744140625
"host+('guest_2', 'guest_3')",1,77,1953.2937,1722.7589,30.901794,1722.7589,88738.37,,29437.818359375,5072.7490234375
"host+('guest_2', 'guest_3')",1,78,2017.5028,1697.6426,30.677902,1697.6426,84144.42,,29952.5859375,5134.9384765625
"host+('guest_2', 'guest_3')",1,79,1813.5006,1679.8281,30.539742,1679.8281,87861.71,,29348.728515625,5146.72509765625
"host+('guest_2', 'guest_3')",1,80,1898.3417,1665.1721,30.41396,1665.1721,86446.69,,30722.48046875,4935.7490234375
"host+('guest_2', 'guest_3')",1,81,1876.817,1650.7456,30.29306,1650.7456,87526.67,,31032.630859375,4937.24853515625
"host+('guest_2', 'guest_3')",1,82,1840.4412,1632.0658,30.128609,1632.0658,86805.92,,29990.162109375,4833.7734375
"host+('guest_2', 'guest_3')",1,83,1856.4435,1616.934,30.010582,1616.934,85002.71,,29995.9140625,4841.37109375
"host+('guest_2', 'guest_3')",1,84,1790.5137,1602.5784,29.900446,1602.5784,86203.3,,29796.595703125,4662.0986328125
"host+('guest_2', 'guest_3')",1,85,1813.2018,1585.445,29.770515,1585.445,85810.28,,31076.7421875,4674.90966796875
"host+('guest_2', 'guest_3')",1,86,1689.7256,1569.5325,29.64467,1569.5325,84993.305,,30747.17578125,4563.2783203125
"host+('guest_2', 'guest_3')",1,87,1671.2322,1553.6489,29.49325,1553.6489,85672.95,,31835.8359375,4458.28515625
"host+('guest_2', 'guest_3')",1,88,1775.011,1535.2272,29.316195,1535.2272,86387.72,,31174.150390625,4506.82373046875
"host+('guest_2', 'guest_3')",1,89,1593.201,1516.0769,29.110926,1516.0769,86426.95,,31819.154296875,4438.6376953125
"host+('guest_2', 'guest_3')",1,90,1611.2411,1500.2008,28.931875,1500.2008,83676.39,,31463.822265625,4444.9443359375
"host+('guest_2', 'guest_3')",1,91,1680.511,1486.0004,28.768705,1486.0004,84603.13,,31871.7578125,4356.408203125
"host+('guest_2', 'guest_3')",1,92,1682.7578,1472.9686,28.666925,1472.9686,87865.83,,32232.1875,4188.77734375
"host+('guest_2', 'guest_3')",1,93,1547.1898,1453.3757,28.503088,1453.3757,84563.03,,32026.2734375,4126.3115234375
"host+('guest_2', 'guest_3')",1,94,1573.4294,1436.243,28.33043,1436.243,87031.25,,32442.6484375,4126.69091796875
"host+('guest_2', 'guest_3')",1,95,1518.2074,1422.0197,28.212667,1422.0197,89105.6,,32168.203125,4051.248046875
"host+('guest_2', 'guest_3')",1,96,1617.7701,1407.0437,28.061516,1407.0437,86966.64,,32831.6796875,3916.453857421875
"host+('guest_2', 'guest_3')",1,97,1468.3514,1387.6604,27.881393,1387.6604,86730.73,,33160.171875,3923.449951171875
"host+('guest_2', 'guest_3')",1,98,1492.548,1371.6858,27.736153,1371.6858,84468.24,,33008.72265625,3745.582763671875
"host+('guest_2', 'guest_3')",1,99,1578.3236,1357.6694,27.617903,1357.6694,85317.2,,33149.51171875,3714.9521484375
"host+('guest_2', 'guest_3')",1,100,1519.6879,1348.9044,27.554152,1348.9044,85174.44,,33734.5703125,3570.63916015625
